restuarant_name,restuarant_url,contact_number,address,review_count,categories,pricing,rating
Opium,https://www.yelp.com/biz/opium-kuala-lumpur,03-2142 5670,"50, Changkat Bukit Bintang",26,Asian Fusion,$$,4.5 star rating
Songket Restaurant,https://www.yelp.com/biz/songket-restaurant-kuala-lumpur,016-922 7608,"29, Jalan Yap Kwan Seng",4,Venues & Event Spaces,,5 star rating
"Ali, Muthu & Ah Hock",https://www.yelp.com/biz/ali-muthu-and-ah-hock-kuala-lumpur,03-2022 3588,"13, Jalan Balai Polis",15,Malaysian,$,4 star rating
Restoran Yut Kee,https://www.yelp.com/biz/kedai-makanan-yut-kee-kuala-lumpur,03-2698 8108,"1, Jalan Kamunting",20,Hainan,$,4 star rating
Cantaloupe,https://www.yelp.com/biz/cantaloupe-kuala-lumpur,Located in The Troika,Located in The Troika,8,Diners,$$$$,5 star rating
Restoran Kin Kin,https://www.yelp.com/biz/restoran-kin-kin-kuala-lumpur,016-372 8069,"40, Jalan Dewan Sultan Sulaiman",25,Chinese,$,4.5 star rating
Hong Kee Claypot Chicken Rice,https://www.yelp.com/biz/hong-kee-claypot-chicken-rice-kuala-lumpur,,89A Jalan Sultan,5,Malaysian,,4.5 star rating
Nasi Lemak Antarabangsa,https://www.yelp.com/biz/nasi-lemak-antarabangsa-kuala-lumpur,010-881 8080,4 Jalan Raja Muda Musa,3,Malaysian,$,4.5 star rating
Alor Food Corner,https://www.yelp.com/biz/alor-food-corner-kuala-lumpur,012-670 5512,"79, Jalan Alor",4,Halal,$,4.5 star rating
Bijan,https://www.yelp.com/biz/bijan-kuala-lumpur,03-2031 3575,3 Jalan Ceylon,22,Malaysian,$$$,4 star rating
Favola,https://www.yelp.com/biz/favola-kuala-lumpur,Located in Le Méridien Kuala Lumpur,Located in Le Méridien Kuala Lumpur,7,Italian,$$$,5 star rating
Sek Yuen Restaurant,https://www.yelp.com/biz/sek-yuen-restaurant-kuala-lumpur,03-9222 0903,"315, Jalan Pudu",11,Chinese,$$,4.5 star rating
Pinchos Tapas Bar,https://www.yelp.com/biz/pinchos-tapas-bar-kuala-lumpur,03-2145 8482,"18, Changkat Bukit Bintang, Bukit Bintang",14,Spanish,$$$,4.5 star rating
Hakka Restaurant,https://www.yelp.com/biz/hakka-restaurant-kuala-lumpur-3,03-2143 1908,"90, Jalan Raja Chulan",11,Asian Fusion,$$,4 star rating
Koryo-Won,https://www.yelp.com/biz/koryo-won-kuala-lumpur,03-2143 2189,181 Jalan Bukit Bintang,3,Asian Fusion,,5 star rating
Onde Onde,https://www.yelp.com/biz/onde-onde-kuala-lumpur,03-7832 5551,100 Jalan Putra,2,Malaysian,,5 star rating
TG’s Nasi Kandar,https://www.yelp.com/biz/tgs-nasi-kandar-kuala-lumpur,03-2110 1221,Changkat Bukit Bintang,19,Indian,$,4.5 star rating
Food Republic,https://www.yelp.com/biz/food-republic-kuala-lumpur,03-2142 8006,168 Jalan Bukit Bintang,14,Food Court,$,4.5 star rating
My BurgerLab,https://www.yelp.com/biz/my-burger-lab-kuala-lumpur,,"8, Jalan Awan Hijau",13,Burgers,$$,4 star rating
Tarbush Restaurant,https://www.yelp.com/biz/tarbush-restaurant-kuala-lumpur-4,03-2142 8558,138 Jalan Bukit Bintang,9,Arabian,$$$,4.5 star rating
Madam Kwan’s,https://www.yelp.com/biz/madam-kwans-kuala-lumpur-5,Located in Suria KLCC,Located in Suria KLCC,40,Malaysian,$$,3.5 star rating
Marble 8,https://www.yelp.com/biz/marble-8-kuala-lumpur,Located in Suria KLCC,Located in Suria KLCC,10,Steakhouses,$$$,4.5 star rating
Soong Kee Beef Ball Noodles,https://www.yelp.com/biz/soong-kee-beef-ball-noodles-kuala-lumpur,03-2078 1484,"86, Jalan Tun H S Lee",13,Hakka,$$,4.5 star rating
Shawarma Damascus,https://www.yelp.com/biz/shawarma-damascus-kuala-lumpur-2,017-316 4981,"Jalan Bukit Bintang GF05, Yayasan Selangor",3,Middle Eastern,,5 star rating
Skillet @ 163,https://www.yelp.com/biz/skillet-163-kuala-lumpur,03-2181 2426,"163, Fraser Place",4,Asian Fusion,$$$,4.5 star rating
Naughty Babe Dirty Duck,https://www.yelp.com/biz/naughty-babe-dirty-duck-kuala-lumpur,03-6211 9966,"42, Jalan 25/70a",11,Salad,$$,4 star rating
Al-Andalus,https://www.yelp.com/biz/al-andalus-kuala-lumpur,03-2110 0373,"13, Jalan Delima",3,Middle Eastern,$$$,4.5 star rating
113 Food Court,https://www.yelp.com/biz/113-food-court-kuala-lumpur,,"Jalan Bunga Tanjung 8a,",1,Chinese,,5 star rating
Lot 10 Hutong,https://www.yelp.com/biz/lot-10-hutong-kuala-lumpur-2,Located in Lot 10,Located in Lot 10,35,Food Court,$$,4 star rating
Restaurant Siu Siu,https://www.yelp.com/biz/restaurant-siu-siu-kuala-lumpur,03-9222 2203,Jalan Sungai Besi,1,Chinese,,5 star rating
The Orchid Conservatory,https://www.yelp.com/biz/the-orchid-conservatory-kuala-lumpur,,5 Jalan Sultan Hishamuddin,2,Diners,,4.5 star rating
Al-Siddiq Express,https://www.yelp.com/biz/al-siddiq-express-kuala-lumpur,018-247 7090,Jalan Sultan Ismail,1,Syrian,,5 star rating
Restoran Stadium Negara,https://www.yelp.com/biz/restoran-stadium-negara-kuala-lumpur,03-2161 8557,"2 Persiaran Lidcol, Off Jalan Yap Kwan Seng",2,Malaysian,$$,3.5 star rating
Naughty Nuri’s,https://www.yelp.com/biz/naughty-nuri-s-kuala-lumpur,019-300 7221,"Ground Floor, 20 Jalan Sultan Ismail",2,Tapas Bars,,4.5 star rating
Dastarhan,https://www.yelp.com/biz/dastarhan-seri-kembangan,011-2857 4344,"C-G-62, Jalan Sp 5/4",1,Russian,,5 star rating
M8 Bar,https://www.yelp.com/biz/m8-bar-kuala-lumpur,03-2386 6030,163 Lorong Kuda,1,Cocktail Bars,$$,5 star rating
Lai Foong Restaurant,https://www.yelp.com/biz/lai-foong-restaurant-kuala-lumpur,03-2072 8123,Jalan Tun H S Lee,3,Malaysian,,4.5 star rating
1919 Restaurant,https://www.yelp.com/biz/1919-restaurant-kuala-lumpur,03-2161 9919,15 A Jalan Yap Kwan Seng,3,Asian Fusion,,4.5 star rating
Satay Station,https://www.yelp.com/biz/satay-station-kuala-lumpur,019-383 6607,"No. 17, Jalan Dwitasik 2",2,Malaysian,,4 star rating
Cu Cha,https://www.yelp.com/biz/cu-cha-kuala-lumpur,,"75, Jalan Alor",1,Chinese,,5 star rating
Breakfast Thieves,https://www.yelp.com/biz/breakfast-thieves-kuala-lumpur,03-2788 3548,29-5 Jalan Riong,5,Breakfast & Brunch,,4.5 star rating
Retoran Wadi Hadramawt,https://www.yelp.com/biz/retoran-wadi-hadramawt-kuala-lumpur,03-4253 3333,226 Jalan Ampang,5,Arabian,,4.5 star rating
Alexis Bistro & Wine Bar,https://www.yelp.com/biz/alexis-bistro-and-wine-bar-kuala-lumpur,Located in Great Eastern Mall,Located in Great Eastern Mall,11,Wine Bars,$$$,3.5 star rating
Ho Kow Hainanese Kopitiam,https://www.yelp.com/biz/ho-kow-hainanese-kopitiam-kuala-lumpur,03-2856 8287,"1, Jalan Balai Polis",1,Kopitiam,,5 star rating
The Canteen Room,https://www.yelp.com/biz/the-canteen-room-kuala-lumpur,,"2, Jalan Yap Kwan Seng",1,Malaysian,,5 star rating
Xin Cuisine,https://www.yelp.com/biz/xin-cuisine-kuala-lumpur,03-2144 8750,2 Jalan Sultan Ismail,3,Chinese,$$,5 star rating
Village Park Nasi Lemak,https://www.yelp.com/biz/village-park-nasi-lemak-petaling-jaya,012-273 8438,"5, Jalan SS 21/37",68,Nasi Lemak,$$,4 star rating
Hung Kee Restaurant,https://www.yelp.com/biz/restoran-hung-kee-kuala-lumpur,03-9221 7251,No. 28-5 & 28-6 Jalan Loke Yew,4,Chinese,,4.5 star rating
Restaurant Wong Kee,https://www.yelp.com/biz/restaurant-wong-kee-kuala-lumpur,03-2145 2512,"No. 30, Jalan Nyonya",8,Chinese,$$,5 star rating
Restaurant Sun Huat Kee,https://www.yelp.com/biz/restaurant-sun-huat-kee-kuala-lumpur,,"348, Jalan Tun Abdul Razak",1,Chinese,,5 star rating
Fatty Bak Kut Teh & Fish Head,https://www.yelp.com/biz/fatty-bak-kut-teh-and-fish-head-kuala-lumpur,012-366 0035,"5, Jalan Klang Lama",2,Chinese,$,4.5 star rating
Ah Cheng Laksa,https://www.yelp.com/biz/ah-cheng-laksa-kuala-lumpur-4,,"Jln Kerinchi, Lot 1-1 1st Floor",1,Malaysian,,4 star rating
Dining In The Dark KL,https://www.yelp.com/biz/dining-in-the-dark-kl-kuala-lumpur,,"50, Changkat Bukit Bintang, Bukit Bintang",12,Diners,,4 star rating
Persia Restaurant,https://www.yelp.com/biz/persia-restaurant-kuala-lumpur,03-2164 4454,"218, Jalan Ampang",1,Persian/Iranian,,5 star rating
Maison Française,https://www.yelp.com/biz/maison-fran%C3%A7aise-kuala-lumpur,03-2144 1474,"No. 5, Jalan Changkat Kia Peng",4,French,$$$,4 star rating
PULP,https://www.yelp.com/biz/pulp-kuala-lumpur,03-2201 3650,29-01 Jalan Riong,25,Cafes,$$,4.5 star rating
Sassorosso,https://www.yelp.com/biz/sassorosso-kuala-lumpur,03-2166 6428,"9, Lorong Yap Kwan Seng",3,Italian,$$$,4.5 star rating
Bumbu Desa,https://www.yelp.com/biz/bumbu-desa-kuala-lumpur,03-2161 3532,"415, Jalan Ampang",2,Indonesian,,4.5 star rating
Restoran Han Kee,https://www.yelp.com/biz/restoran-han-kee-kuala-lumpur,017-207 4448,"N0. 42, Jalan Sultan",2,Chinese,,5 star rating
Limapulo,https://www.yelp.com/biz/limapulo-kuala-lumpur-2,03-2698 3268,"50, Jalan Doraisamy",9,Nyonya,$,3.5 star rating
Inner Mongolian Steamboat,https://www.yelp.com/biz/inner-mongolian-steamboat-kuala-lumpur,03-7986 0282,"30,Jalan Kuchai Maju 6",1,Mongolian,,4 star rating
One Seafood Restaurant,https://www.yelp.com/biz/one-seafood-restaurant-kuala-lumpur,03-2143 3323,"Lot. 510, Jalan Bukit Bintang",1,Seafood,,4 star rating
Le Midi,https://www.yelp.com/biz/le-midi-kuala-lumpur,03-2094 1318,Jalan Maarof,3,French,,4.5 star rating
Sambal Hijau,https://www.yelp.com/biz/sambal-hijau-kuala-lumpur,03-7731 2045,Jalan Damansara,4,Malaysian,,4.5 star rating
Melur & Thyme,https://www.yelp.com/biz/melur-dan-thyme-kuala-lumpur-2,03-2276 3855,KL Sentral,5,Singaporean,$,4 star rating
Cielo,https://www.yelp.com/biz/cielo-kuala-lumpur,03-2022 1798,23-01 VIDA Bukit Ceylon,1,Steakhouses,,5 star rating
Ah Loong Grilled Seafood,https://www.yelp.com/biz/ah-loong-grilled-seafood-kuala-lumpur,012-386 2832,"12-14, Jalan Jinjang Aman 2",1,Seafood,,5 star rating
Lima Blas,https://www.yelp.com/biz/lima-blas-kuala-lumpur,03-2110 1289,15 Jln Mesui,12,Nyonya,$$,4 star rating
Restoran Nasi Kandar Berkat Ariffin,https://www.yelp.com/biz/restoran-nasi-kandar-berkat-ariffin-kuala-lumpur,,"No 43 A, Jalan Metro Pudu 2 Fraser Business Park",1,Indian,,3 star rating
Nasi Lemak Hilton Corner,https://www.yelp.com/biz/nasi-lemak-hilton-corner-kuala-lumpur,,Jalan Sultan Ismail,1,Nasi Lemak,,4 star rating
Restoran Malaya Hainan,https://www.yelp.com/biz/restoran-malaya-hainan-kuala-lumpur,019-329 7899,"Lot 16, Section 24, Jalan Panggong,",1,Restaurants,,4 star rating
Las Vacas,https://www.yelp.com/biz/las-vacas-kuala-lumpur,03-6205 2258,Jalan Kiara,4,Steakhouses,$$$,4 star rating
La Boca,https://www.yelp.com/biz/la-boca-kuala-lumpur,03-2148 9977,"168, Jalan Bukit Bintang",10,Latin American,$$$,3.5 star rating
Fuego,https://www.yelp.com/biz/fuego-kuala-lumpur,Located in The Troika,Located in The Troika,18,Latin American,$$,4.5 star rating
Restaurant Seoul Korea,https://www.yelp.com/biz/restaurant-seoul-korea-kuala-lumpur,012-373 1176,"No 1-1 1st, Plaza Danau 2",1,Korean,,5 star rating
Din Tai Fung,https://www.yelp.com/biz/din-tai-fung-kuala-lumpur-2,Located in Pavilion KL,Located in Pavilion KL,42,Dim Sum,$$,4 star rating
Lai Po Heen @ Hotel Mandarin Oriental,https://www.yelp.com/biz/lai-po-heen-kuala-lumpur-2,03-2179 8885,"Mandarin Oriental, Jalan Pinang",6,Chinese,$$$,4.5 star rating
Dolly Dim Sum,https://www.yelp.com/biz/dolly-dim-sum-kuala-lumpur,03-2181 3830,"156, Jalan Ampang",7,Dim Sum,$$,4.5 star rating
Yong Tau Foo Hawker,https://www.yelp.com/biz/yong-tau-foo-hawker-kuala-lumpur,,Jalan Perak,1,Food Stands,,5 star rating
Basil Pasta House,https://www.yelp.com/biz/basil-pasta-house-kuala-lumpur,03-7972 8884,"21, Jalan Kuchai Maju 6",6,Italian,$$,5 star rating
Cava,https://www.yelp.com/biz/cava-kuala-lumpur,03-2093 6637,71 Jalan Bangkung,1,French,$$$,5 star rating
Hawker Chan,https://www.yelp.com/biz/hawker-chan-kuala-lumpur,017-367 3392,"135, Jalan Petaling",1,Chinese,,5 star rating
Madam Kwan’s,https://www.yelp.com/biz/madam-kwans-kuala-lumpur-4,03-2143 2297,168 Jalan Bukit Bintang,9,Malaysian,$$,3.5 star rating
Mali’s Corner,https://www.yelp.com/biz/malis-corner-kuala-lumpur,,"No.9-1, Jalan Langkawi,",8,Malaysian,$$,4.5 star rating
Sany Char Kuey Teow,https://www.yelp.com/biz/sany-char-kuey-teow-kuala-lumpur,017-322 7465,64 Jalan Kuantan,2,Teochew,,4 star rating
Jake’s Charbroil Steaks,https://www.yelp.com/biz/jakes-charbroil-steaks-kuala-lumpur,03-2094 5677,"21, Jalan Setiapuspa, Medan Damansara",6,Steakhouses,$$$,4.5 star rating
Aunty Nat,https://www.yelp.com/biz/aunty-nat-kuala-lumpur,03-6201 1833,1-17 Jalan Sri Hartamas 7,13,Nyonya,$$,4.5 star rating
Vasco’s,https://www.yelp.com/biz/vascos-kuala-lumpur,Located in Hilton Kuala Lumpur,Located in Hilton Kuala Lumpur,2,Buffets,,5 star rating
Restoran Sang Kee,https://www.yelp.com/biz/restoran-sang-kee-kuala-lumpur,,"No.48G, Jalan Pandan 3/2",1,Chinese,,4 star rating
Mario & Luigi,https://www.yelp.com/biz/mario-and-luigi-kuala-lumpur,03-2282 3571,"15 & 15a, Taman Weng Lock",8,Italian,,4.5 star rating
Hup Kee Seafood,https://www.yelp.com/biz/hup-kee-seafood-kuala-lumpur,,"4A, Batu 4 1/2 Jalan Ipoh",1,Chinese,,5 star rating
Shawarma Halap,https://www.yelp.com/biz/shawarma-halap-kuala-lumpur,011-1572 0764,Jalan Nagasari,1,Middle Eastern,,5 star rating
Spazio Restaurant,https://www.yelp.com/biz/spazio-restaurant-kuala-lumpur,+44 1111 385033,1 Jalan Pantai Murni,1,Middle Eastern,,4 star rating
A Li Ya,https://www.yelp.com/biz/a-li-ya-kuala-lumpur,,Jalan Medan Setia,2,Sri Lankan,,4 star rating
El Cerdo,https://www.yelp.com/biz/el-cerdo-kuala-lumpur-2,03-2145 0511,"43 & 45, Changkat Bukit Bintang",4,Spanish,$$$,4.5 star rating
Leaf & Co. Cafe,https://www.yelp.com/biz/leaf-and-co-cafe-kuala-lumpur,03-2020 2220,53 Jalan Sultan,1,Cafes,,5 star rating
Restaurant DC by Darren Chin,https://www.yelp.com/biz/restaurant-dc-by-darren-chin-kuala-lumpur,03-7731 0502,"No 44, Persiaran Zaaba",3,Modern European,$$$$,3.5 star rating
Ciao Ristorante,https://www.yelp.com/biz/ciao-ristorante-kuala-lumpur,03-9285 4827,"20A, Jalan Kampung Pandan",6,Italian,$$$,5 star rating
Auntie Lora Kopitiam,https://www.yelp.com/biz/auntie-lora-kopitiam-kuala-lumpur,03-9134 9998,23 Jalan Manis 4,1,Kopitiam,,5 star rating
Nando’s,https://www.yelp.com/biz/nandos-kuala-lumpur-16,Located in Bangsar Village,Located in Bangsar Village,13,Chicken Shop,$$,4 star rating
Pudu Hakka Noodles,https://www.yelp.com/biz/pudu-hakka-noodles-kuala-lumpur,,"446, Jalan Sayur",1,Noodles,,5 star rating
Restoran Meng Shiang,https://www.yelp.com/biz/restoran-meng-shiang-kuala-lumpur,,"1 & 3, Jalan Kaskas 2",1,Chinese,,5 star rating
Baba Low Bangsar,https://www.yelp.com/biz/baba-low-bangsar-kuala-lumpur,03-2202 0038,2 Jalan Abdullah,1,Malaysian,,5 star rating
Nasi Lemak Mak Wanjor,https://www.yelp.com/biz/nasi-lemak-mak-wanjor-kuala-lumpur,,"12, Jalan Raja Muda Musa",5,,,4 star rating
Baba low,https://www.yelp.com/biz/baba-low-kuala-lumpur,,"11, Lorong Kurau",10,Nyonya,$$,4 star rating
WIP,https://www.yelp.com/biz/wip-kuala-lumpur,03-2094 1789,"Jalan 222, Bangsar Shopping Centre",17,Gastropubs,$$$,4 star rating
Gin Ger Thai Cuisine,https://www.yelp.com/biz/gin-ger-thai-cuisine-kuala-lumpur,03-2273 7371,23-49 Jalan Hang Kasturi,2,Asian Fusion,,4 star rating
Dancing Fish,https://www.yelp.com/biz/dancing-fish-kuala-lumpur,03-2095 6663,"285, Jalan Maarof",15,Indonesian,$$,4 star rating
Kedai Kopi dan Makanan Hong Lai 蓬莱茶餐室,https://www.yelp.com/biz/kedai-kopi-dan-makanan-hong-lai-%E8%93%AC%E8%8E%B1%E8%8C%B6%E9%A4%90%E5%AE%A4-kuala-lumpur,,"83, Jalan Genting Klang",2,Chinese,$,4 star rating
Lim Kee Cafe,https://www.yelp.com/biz/lim-kee-cafe-kuala-lumpur,03-2022 1131,66-68 Jalan Sultan,2,Cafes,,5 star rating
Tanglin Nasi Lemak,https://www.yelp.com/biz/nasi-lemak-tanglin-kuala-lumpur,03-2284 3366,Jalan Cendrasari,3,Nasi Lemak,,3.5 star rating
Tian Yian Cafe & Restaurant,https://www.yelp.com/biz/tian-yian-cafe-dan-restaurant-kuala-lumpur,03-9281 8837,"5, 7 & 9, Jalan 3/93, Taman Miharja, Jalan Cheras",1,Restaurants,,5 star rating
Quivo,https://www.yelp.com/biz/quivo-kuala-lumpur,03-2141 7711,"168, Jalan Bukit Bintang",10,Mediterranean,$$,4 star rating
Lafite Restaurant,https://www.yelp.com/biz/lafite-restaurant-kuala-lumpur,Located in Shangri-la KL,Located in Shangri-la KL,2,Malaysian,$$$$,4.5 star rating
Shin Kee Beef Noodle Specialist,https://www.yelp.com/biz/shin-kee-beef-noodle-specialist-toluca-de-lerdo,,"7A, Jalan Tun Tan Cheng Lock",2,Malaysian,$,4.5 star rating
Hoji & Matcha,https://www.yelp.com/biz/hoji-dan-matcha-kuala-lumpur,012-205 2720,"49, Jalan Radin Tengah",5,Japanese,,4 star rating
Restoran ZK,https://www.yelp.com/biz/restoran-zk-kuala-lumpur,03-2273 9786,"No, 76, Jalan Kampung Attap",1,Malaysian,,4 star rating
Portofino,https://www.yelp.com/biz/portofino-kuala-lumpur,016-775 2387,1 Persiaran Ara Kiri,5,Italian,,4.5 star rating
Restoran Win Heng Seng,https://www.yelp.com/biz/restoran-win-heng-seng-kuala-lumpur,,183 Jalan Imbi,1,Food Stands,,5 star rating
The Humble Chef Food Truck,https://www.yelp.com/biz/the-humble-chef-food-truck-kuala-lumpur,,Jalan Damanseri,3,Diners,,4.5 star rating
Acme South,https://www.yelp.com/biz/acme-south-kuala-lumpur-2,03-2283 6288,"Jalan Telawi 1, Bangsar Kuala Lumpur",10,Barbeque,$$$,3.5 star rating
Fatboy’s Burger,https://www.yelp.com/biz/fatboys-burger-kuala-lumpur,03-6206 1352,"No.156, Jalan Ampang",8,Burgers,$$,4 star rating
Lemon Garden Cafe,https://www.yelp.com/biz/lemon-garden-cafe-kuala-lumpur-3,Located in Shangri-la KL,Located in Shangri-la KL,8,Salad,$$$,4.5 star rating
Fresca Mexican Kitchen & Bar,https://www.yelp.com/biz/fresca-mexican-kitchen-and-bar-kuala-lumpur-2,03-2201 2893,Lingkaran Syed Putra,16,Mexican,$$,4 star rating
Thong Lung Sung,https://www.yelp.com/biz/thong-lung-sung-kuala-lumpur,,"B-G-17 Jalan Metro Perdana 1, Taman Usahawan Kepong",2,Seafood,,4 star rating
Pappa Rich Nu Sentral,https://www.yelp.com/biz/pappa-rich-kuala-lumpur,012-225 9343,Jalan Tun Sambathan,3,Malaysian,,3 star rating
Gravy Baby,https://www.yelp.com/biz/gravy-baby-kuala-lumpur-2,03-2181 1911,12 Jalan P Ramlee,4,Malaysian,,4.5 star rating
Segambut Fried Chicken Rice,https://www.yelp.com/biz/segambut-fried-chicken-rice-kuala-lumpur,010-972 1595,1-13 Persiaran Segambut Tengah,1,American (Traditional),,4 star rating
Heun Kee Claypot Chicken Rice,https://www.yelp.com/biz/heun-kee-claypot-chicken-rice-kuala-lumpur,03-9108 1170,"20, Jalan Cerdik",2,Cantonese,,4 star rating
Fresco,https://www.yelp.com/biz/fresco-kuala-lumpur,,Jalan Tub Razak,6,Steakhouses,,4 star rating
KyoChon 1991,https://www.yelp.com/biz/kyochon-1991-kuala-lumpur,017-283 3707,Jalan Bukit Bintang,2,Korean,$,4.5 star rating
Sayang Malaysia,https://www.yelp.com/biz/sayang-malaysia-kuala-lumpur,,KL Sentral,2,Malaysian,,4 star rating
Restoran Woo Lan,https://www.yelp.com/biz/restoran-woo-lan-kuala-lumpur,03-2274 8368,"No. 19, Jalan Scott",1,Restaurants,$$,5 star rating
Restoran Sun Kar Hee,https://www.yelp.com/biz/restoran-sun-kar-hee-kuala-lumpur,03-6253 1240,"No. 28, Jalan Manjoi",1,Restaurants,,3 star rating
Kin Kin Pan Mee @ Pandan Indah,https://www.yelp.com/biz/kin-kin-pan-mee-pandan-indah-kuala-lumpur,,"Jalan Perubatan 4, Pandan Indah",4,Chinese,,4 star rating
Porto Romano,https://www.yelp.com/biz/porto-romano-kuala-lumpur-3,03-6207 8171,"1, Jalan Kiara, Taman Sri Hartamas",4,Greek,,3.5 star rating
CaliBurger,https://www.yelp.com/biz/caliburger-kuala-lumpur,03-2181 5693,156 Jalan Ampang,2,Burgers,$,4.5 star rating
Bruno’s Steaks and Burgers,https://www.yelp.com/biz/brunos-steaks-and-burgers-kuala-lumpur,,"Jalan 25/70A, Desa Sri Hartamas",2,Steakhouses,$$,5 star rating
Rasa Food Arena,https://www.yelp.com/biz/rasa-food-arena-kuala-lumpur-3,Located in Suria KLCC,Located in Suria KLCC,3,Food Court,,4.5 star rating
Precious Old China Restaurant & Bar,https://www.yelp.com/biz/precious-old-china-restaurant-and-bar-kuala-lumpur,03-2273 7372,Jalan Hang Kasturi,6,Nyonya,$,4 star rating
Pelita Brasserie,https://www.yelp.com/biz/pelita-brasserie-kuala-lumpur,03-2711 8866,"138, Jalan Ampang",1,Malaysian,$,4 star rating
Din by Din Tai Fung,https://www.yelp.com/biz/din-by-din-tai-fung-kuala-lumpur,03-2181 0321,"Lot 417, Level 4 Suria KLCC",2,Dim Sum,,4.5 star rating
Sae Ma Eul,https://www.yelp.com/biz/sae-ma-eul-kuala-lumpur,,Jalan Solaris 4,15,Barbeque,,3.5 star rating
Mum’s Place,https://www.yelp.com/biz/mums-place-petaling-jaya-2,03-7727 8443,Jalan PJU 8/5A,8,Malaysian,,4 star rating
Li Yen,https://www.yelp.com/biz/li-yen-kuala-lumpur,03-2142 8000,168 Jalan Imbi,1,Chinese,,4 star rating
Porridge Stall,https://www.yelp.com/biz/porridge-stall-kuala-lumpur,,Jalan Ipoh,2,Street Vendors,$$,4 star rating
Table 23,https://www.yelp.com/biz/table-23-kuala-lumpur,03-2141 0023,"23, Jalan Mesui, Bukit Bintang",8,Malaysian,,4 star rating
Nando’s,https://www.yelp.com/biz/nandos-kuala-lumpur-7,03-2283 1655,,5,Chicken Shop,$$,4.5 star rating
Peranakan Place,https://www.yelp.com/biz/peranakan-place-kuala-lumpur-2,Located in NU Sentral,Located in NU Sentral,9,Nyonya,$$,4 star rating
Restoran Selera Ampang,https://www.yelp.com/biz/restoran-selera-ampang-kuala-lumpur,,Jalan Ampang,2,Malaysian,,4.5 star rating
New Shanghai Legend The Intermark,https://www.yelp.com/biz/new-shanghai-legend-the-intermark-kuala-lumpur,06-0321 812731,"Jalan Tun Razak, 50400 Kuala Lumpur",3,Chinese,$$$,4.5 star rating
Flock,https://www.yelp.com/biz/flock-kuala-lumpur,Located in W Kuala Lumpur,Located in W Kuala Lumpur,1,Australian,,5 star rating
Outback Steakhouse,https://www.yelp.com/biz/outback-steakhouse-kuala-lumpur,03-2276 6200,"201, Jalan Tun Sambathan",7,Steakhouses,$$,3.5 star rating
Bacons & Balls,https://www.yelp.com/biz/bacons-and-balls-kuala-lumpur-2,03-7983 2118,"56, Jalan Lazat 2",1,Modern European,,4 star rating
The TEXAS BBQ Publika,https://www.yelp.com/biz/the-texas-bbq-publika-kuala-lumpur,Located in Publika,Located in Publika,1,Barbeque,,5 star rating
Dôme,https://www.yelp.com/biz/d%C3%B4me-kuala-lumpur-2,,"348, Jalan Tun Razak",2,Modern European,,5 star rating
Bobo,https://www.yelp.com/biz/bobo-kuala-lumpur,03-2092 5002,"65-1, Jalan Bangkung",2,Restaurants,,5 star rating
Just Nyonya,https://www.yelp.com/biz/just-nyonya-kuala-lumpur,03-6279 9996,"25, Lorong 5/62A",1,Nyonya,,5 star rating
Vineria.It,https://www.yelp.com/biz/vineria-it-kuala-lumpur,03-2287 7889,289 Jalan Maarof,4,Italian,$$$,4.5 star rating
Kazoku-Ai Modern Teppanyaki Kitchen,https://www.yelp.com/biz/kazoku-ai-modern-teppanyaki-kitchen-kuala-lumpur,03-7983 1919,151 Old Klang Road,1,Japanese,,5 star rating
Big Baba,https://www.yelp.com/biz/big-baba-kuala-lumpur,,34 Jalan 2/109e,1,Malaysian,,5 star rating
Mama Kim Sauna Mee,https://www.yelp.com/biz/mama-kim-sauna-mee-kuala-lumpur,03-4021 0986,276 Jalan Pahang,3,Chinese,$$,4.5 star rating
Karnaval Churrascaria,https://www.yelp.com/biz/karnaval-churrascaria-petaling-jaya,03-7725 2252,"77, Jalan SS 22/19",8,Brazilian,$$$,4 star rating
Flavor Restaurant @ Swiss-Garden International,https://www.yelp.com/biz/flavor-restaurant-kuala-lumpur,03-2141 3333,"117, Jalan Pudu",1,Asian Fusion,,5 star rating
Thai Garden Village,https://www.yelp.com/biz/thai-garden-village-kuala-lumpur,03-6250 5518,"Lot 32713, 6 1/2 Mile Jalan Kepong",1,Thai,,4 star rating
Kumi,https://www.yelp.com/biz/kumi-kuala-lumpur,012-651 1182,21 Lorong Setiabistari 2,1,Portuguese,,5 star rating
Restoran Sentul Curry House,https://www.yelp.com/biz/restoran-sentul-curry-house-kuala-lumpur,03-4044 0563,"Lot 239, Section 8, RW Township, Bt 2, Jalan Ipoh",5,Restaurants,,4 star rating
Marini’s on 57,https://www.yelp.com/biz/marinis-on-57-kuala-lumpur,03-2386 6030,"Level 57, Menara 3 Petronas",35,Lounges,$$$,4.5 star rating
Vintry,https://www.yelp.com/biz/vintry-kuala-lumpur,03-4252 8262,"No. 24, Persiaran Ampang",3,Pizza,,4 star rating
Morganfield,https://www.yelp.com/biz/morganfield-kuala-lumpur,03-6211 9958,"Level G3, Publika Jalan Dutamas 1",7,Burgers,$$$,4.5 star rating
Al Rawsha Restaurant,https://www.yelp.com/biz/al-rawsha-restaurant-kuala-lumpur-3,03-9200 6600,"8, Jalan Kampung Pandan",6,Lebanese,$$,4 star rating
Nagasari Curry House,https://www.yelp.com/biz/nagasari-curry-house-kuala-lumpur,,11 Jalan Angkosa,5,Indian,,4 star rating
Warisan Cafe The Royale Chulan Hotel Kuala Lumpur,https://www.yelp.com/biz/warisan-cafe-kuala-lumpur,03-2688 9688,Jalan Conlay,5,Buffets,$$$,4 star rating
teaPODs cafe,https://www.yelp.com/biz/teapods-cafe-kuala-lumpur,03-2276 0858,"G-6, 30 Jalan Thambipillay",2,Cafes,,4.5 star rating
Italiannies,https://www.yelp.com/biz/italiannies-kuala-lumpur,03-2283 3675,Lingkara Syed Putra,10,Italian,$$$,4 star rating
In Colonial,https://www.yelp.com/biz/in-colonial-kuala-lumpur,Located in The Intermark Mall,Located in The Intermark Mall,3,Chinese,$$,4.5 star rating
Sushi Mentai,https://www.yelp.com/biz/sushi-mentai-kuala-lumpur,,Jalan Metro Perdana Barat,3,Sushi Bars,$,3.5 star rating
Dewakan,https://www.yelp.com/biz/dewakan-kuala-lumpur,03-5565 0767,"Skyviews, Naza Tower",4,Malaysian,$$$,4 star rating
Tehran Restoran,https://www.yelp.com/biz/tehran-restoran-ampang,03-4251 5105,1 Jalan Ampang Utama 2/2,1,Persian/Iranian,,4 star rating
Segambut Yong Tau Foo,https://www.yelp.com/biz/segambut-yong-tau-foo-kuala-lumpur,,1-19 Lorong Segambut Dalam,3,Chinese,,3.5 star rating
Spring Garden Restaurant,https://www.yelp.com/biz/spring-garden-restaurant-kuala-lumpur-2,Located in Suria KLCC,Located in Suria KLCC,5,Seafood,,4 star rating
Ole-Ole Bali,https://www.yelp.com/biz/ole-ole-bali-petaling-jaya,03-7492 0308,"08-1C, Jalan PJS 11/15",12,Indonesian,$$,5 star rating
M Terrace Restaurant & Food,https://www.yelp.com/biz/m-terrace-restaurant-dan-food-kuala-lumpur,03-2078 0988,"No 49-51, Jalan Hang Lekiu",2,Malaysian,,3.5 star rating
Sisters Noodles @ Beh Brothers Restaurant,https://www.yelp.com/biz/sisters-noodles-beh-brothers-restaurant-kuala-lumpur,,"31, Jalan Alor",1,Chinese,,5 star rating
Hon Kee Famous Porridge & Chu Cheong Fun,https://www.yelp.com/biz/hon-kee-famous-porridge-and-chu-cheong-fun-kuala-lumpur,012-227 6281,93 Jalan Hang Lekir,3,Congee,$,4.5 star rating
Rendezvous Steak Garden Restaurant,https://www.yelp.com/biz/rendezvous-steak-garden-restaurant-wilayah-persekutuan,014-602 6051,"14, Jalan Kampung Pandan",5,American (Traditional),$$,4 star rating
Kasbah,https://www.yelp.com/biz/kasbah-kuala-lumpur,03-2202 0206,100 lorong Maroof,,Moroccan,,
Restoran Wan Fo Yuan,https://www.yelp.com/biz/restoran-wan-fo-yuan-kuala-lumpur,03-2078 0952,"8, Jalan Panggong",2,Restaurants,,4 star rating
Iketeru,https://www.yelp.com/biz/iketeru-kuala-lumpur,Located in Hilton Kuala Lumpur,Located in Hilton Kuala Lumpur,5,Japanese,,5 star rating
Astana Restaurant,https://www.yelp.com/biz/astana-restaurant-sri-petaling,03-9054 3642,Jalan 3/149E,1,Russian,$$,5 star rating
Dragon Door Inn Steamboat Restaurant,https://www.yelp.com/biz/dragon-door-inn-steamboat-restaurant-kuala-lumpur,03-9130 1062,"No.18-1, Jalan Manis",2,Chinese,,5 star rating
Restaurant Nepal,https://www.yelp.com/biz/restaurant-nepal-kuala-lumpur,03-6206 3904,": F-0-6, Plaza Damas, 60 Jalan Sri Hartamas 1,, Sri Hartamas",2,Himalayan/Nepalese,$$,4 star rating
Neo Tamarind,https://www.yelp.com/biz/neo-tamarind-kuala-lumpur,03-2148 3700,"19, Jalan Sultan Ismail",2,Thai,,4.5 star rating
WonderMama,https://www.yelp.com/biz/wondermama-kuala-lumpur-3,Located in Avenue K,Located in Avenue K,12,Asian Fusion,$$,4 star rating
Restoran Meng Kee,https://www.yelp.com/biz/restoran-meng-kee-kuala-lumpur,012-627 7919,Jalan Batu Ambar,1,Chinese,,4 star rating
Charcoal Stove Hokkien Mee,https://www.yelp.com/biz/charcoal-stove-hokkien-mee-kuala-lumpur,016-289 1606,Jalan Lazat 1/48,2,Noodles,,3.5 star rating
KGB - Killer Gourmet Burgers,https://www.yelp.com/biz/kgb-killer-gourmet-burgers-kuala-lumpur,03-2201 5557,Lingkaran Syed Putra,1,Burgers,$$,5 star rating
Nam Heong Chicken Rice,https://www.yelp.com/biz/nam-heong-chicken-rice-kuala-lumpur-2,03-2078 5859,"56, Jalan Sultan",2,Chinese,,4 star rating
Samba,https://www.yelp.com/biz/samba-kuala-lumpur-2,011-3709 5956,156 Jalan Ampang,11,Brazilian,$$$,3.5 star rating
Tao Chinese Cuisine,https://www.yelp.com/biz/tao-chinese-cuisine-kuala-lumpur,03-2782 6128,165 Jalan Ampang,1,Chinese,,4 star rating
Kedai Kopi Mee Bon,https://www.yelp.com/biz/kedai-kopi-mee-bon-kuala-lumpur,03-4043 7784,"491, Ipoh Road",4,Dim Sum,$,4.5 star rating
Nando’s,https://www.yelp.com/biz/nandos-kuala-lumpur-2,03-2272 2036,"201, Jalan Tun Sambathan",5,African,,4 star rating
Malai Thai Cuisine,https://www.yelp.com/biz/malai-thai-cuisine-kuala-lumpur,03-2181 2505,Fraser's Place,2,Thai,,4.5 star rating
JP Teres,https://www.yelp.com/biz/jp-teres-kuala-lumpur,Located in Grand Hyatt Kuala Lumpur,Located in Grand Hyatt Kuala Lumpur,3,Malaysian,$$,3.5 star rating
Market Place,https://www.yelp.com/biz/market-place-kuala-lumpur,03-2166 0750,4A Lorong Yap Kwan Seng,2,Dance Clubs,,4.5 star rating
Aunty Nat,https://www.yelp.com/biz/aunty-nat-kuala-lumpur-2,012-650 7222,"5-1, Mid Valley Boulevard",2,Nyonya,,5 star rating
Jom Makan,https://www.yelp.com/biz/jom-makan-kuala-lumpur,012-201 5578,"No. 5, Jalan Bangsar Utama",4,Malaysian,,4 star rating
Mero-Nepal Restaurant,https://www.yelp.com/biz/mero-nepal-restaurant-kuala-lumpur,016-675 5137,"27-1, Jalan Tun HS Lee",1,Himalayan/Nepalese,,4 star rating
Capricciosa,https://www.yelp.com/biz/capricciosa-kuala-lumpur-2,03-2141 0517,Jalan Raja Chulan,1,Pizza,,5 star rating
Awet Thai Seafood,https://www.yelp.com/biz/awet-thai-seafood-petaling-jaya,03-7725 0175,"Lot 13544, Jalan Cempaka",8,Thai,,5 star rating
Little Thai,https://www.yelp.com/biz/little-thai-ampang,016-948 1292,10 Persiaran Ampang,1,Thai,,5 star rating
Restoran Siu Siu,https://www.yelp.com/biz/restoran-siu-siu-kuala-lumpur,016-370 8555,Lorong Syed Putra Kiri,2,Chinese,,3 star rating
Sitka Restaurant,https://www.yelp.com/biz/sitka-restaurant-kuala-lumpur,03-2094 2154,"8-5, Jalan Batai, Bukit Damansara,",5,Restaurants,,4 star rating
Gandhi’s vegetarian restaurant,https://www.yelp.com/biz/gandhis-vegetarian-restaurant-kuala-lumpur,012-355 1541,28 Jalan Scott,4,Indian,$,5 star rating
Restaurant Sun Gee,https://www.yelp.com/biz/restaurant-sun-gee-kuala-lumpur,,Jalan Bunga Mawar 2,2,Restaurants,,4 star rating
Jarrod & Rawlins,https://www.yelp.com/biz/jarrod-and-rawlins-kuala-lumpur,03-2095 1608,63 Jalan Bangkung,3,Pubs,,3.5 star rating
BRYCG,https://www.yelp.com/biz/brycg-kuala-lumpur,03-2630 6728,"1, Jalan Nipah",4,Seafood,,3.5 star rating
Tupai Tupai,https://www.yelp.com/biz/tupai-tupai-kuala-lumpur,03-2143 2525,"551A, Jalan Bukit Petaling",2,Malaysian,$$,3.5 star rating
Mansion Tea Stall,https://www.yelp.com/biz/mansion-tea-stall-kuala-lumpur,,Lorong Bunus Satu,3,Indian,$,5 star rating
Strato,https://www.yelp.com/biz/strato-kuala-lumpur,Located in The Troika,Located in The Troika,7,Italian,$$$,4.5 star rating
Teeq Brasserie,https://www.yelp.com/biz/teeq-brasserie-kuala-lumpur,,Lot 10 Jalan Sultan Ismail,1,Restaurants,,4 star rating
Lau Heong Seafood,https://www.yelp.com/biz/lau-heong-seafood-kuala-lumpur,,Jalan 3/48,8,Seafood,$,4 star rating
Hubba Hubba,https://www.yelp.com/biz/hubba-hubba-kuala-lumpur-3,017-786 7611,1 Lorong Ceylon,3,Bars,$$,4 star rating
Grand Imperial Seafood HotPot & BBQ,https://www.yelp.com/biz/grand-imperial-seafood-hotpot-and-bbq-kuala-lumpur,03-2110 5557,81-C Jalan Bukit Bintang,1,Seafood,,5 star rating
Five Senses,https://www.yelp.com/biz/five-senses-kuala-lumpur,03-2773 8338,199 Jalan Bukit Bintang,2,Dim Sum,,4.5 star rating
Cozy Place,https://www.yelp.com/biz/cozy-place-kuala-lumpur,,"303, Jalan Ampang,",3,Malaysian,,4.5 star rating
RSMY,https://www.yelp.com/biz/rsmy-kuala-lumpur,,"16, Jalan Masjid India",2,Malaysian,,3 star rating
Sushi Jiro,https://www.yelp.com/biz/sushi-jiro-kuala-lumpur-2,03-2202 2638,Lingkaran Syed Putra,2,Sushi Bars,,4 star rating
DuViet,https://www.yelp.com/biz/duviet-kuala-lumpur,Located in Suria KLCC,Located in Suria KLCC,5,Vietnamese,,4 star rating
Pho Vietz,https://www.yelp.com/biz/pho-vietz-kuala-lumpur-2,,"Pavilion, 168, Jalan Bukit Bintang",1,Vietnamese,,4 star rating
Red Lobster,https://www.yelp.com/biz/red-lobster-kuala-lumpur-2,03-2602 1946,Jalan Sultan Ismail,8,Seafood,$$$,3.5 star rating
Yong Tau Foo Kg Pandan,https://www.yelp.com/biz/yong-tau-foo-kg-pandan-kuala-lumpur,,Jalan Kampung Pandan,2,Malaysian,,5 star rating
Hong Kee Restaurants,https://www.yelp.com/biz/hong-kee-restaurants-kuala-lumpur,03-4291 0426,"69, Jalan Pandan Indah 4/3A",2,Dim Sum,$$,4 star rating
Bee Won Korean BBQ Restaurant,https://www.yelp.com/biz/bee-won-korean-bbq-restaurant-kuala-lumpur,03-4256 8573,"67, Jalan Taman Ibu Kota",7,Korean,$$,4.5 star rating
Chinoz on The Park,https://www.yelp.com/biz/chinoz-on-the-park-kuala-lumpur,03-2166 8277,Jalan Ampang,17,Brasseries,$$,4 star rating
Dip n Dip,https://www.yelp.com/biz/dip-n-dip-kuala-lumpur,,"5, Jalan Telawi 3",21,Creperies,$$,3.5 star rating
BBQ nights,https://www.yelp.com/biz/bbq-nights-kuala-lumpur,,"The Intermark, Jalan Tun Razak",3,Barbeque,,3.5 star rating
VCR,https://www.yelp.com/biz/vcr-kuala-lumpur,03-2110 2330,"2, Jalan Galloway",64,Coffee & Tea,$$,4.5 star rating
Puffy Buffy,https://www.yelp.com/biz/puffy-buffy-kuala-lumpur,03-2276 1908,"Lot 4.12, Level 4, Nu Sentral Mall, Jalan Tun Sambanthan",3,Cafes,,4.5 star rating
Tujo Bar-sserie & Grill,https://www.yelp.com/biz/tujo-bar-sserie-and-grill-kuala-lumpur,012-210 3055,"9, Jalan Pinang",11,Brasseries,$$$,4 star rating
